0000016BEFBA2C58,2019-07-02 10:56
0000016AC88D96E3,2019-05-18 03:33
0000016A7B0FB784,2019-04-30 22:54
00000169E07452DD,2019-04-01 03:55
00000168CACECCE6,2019-02-01 14:37
00000168C0989967,2019-01-30 14:20
00000168C0989967,2018-11-15 02:54
0000016793E1E421,2018-11-15 02:54
00000167141C2339,2018-11-14 19:39
00000166BD9C0CEF,2018-10-16 17:26
000001669C9BE63D,2018-10-21 21:05
0000016652E7D261,2018-09-13 22:29
0000016630E4F72A,2018-09-26 21:43
00000166210182D7,2018-09-15 22:38
0000016571B7C311,2018-08-12 21:44
0000016531856AC9,2018-08-04 11:34
000001650A8B5966,2018-07-14 18:25
00000164D105FCB9,2018-07-06 01:01
0000016486ED5920,2018-07-08 23:32
0000016477739A1E,2018-06-15 20:13
0000016470644D97,2018-06-19 21:37
0000016447AC2253,2018-06-21 18:32
00000164159FEF31,2018-06-08 22:19
0000016322DEEA14,2018-04-22 12:00
